{
    "core_location": [
        -5.7866309630840673, 
        -3.9864711189409316
    ], 
    "velocity_free_stream": 29.12, 
    "r_mesh_core": 19.039299956611291, 
    "z_location_mm": 708, 
    "v_nominal": 29, 
    "W_mean": 29.503854099233031, 
    "rel_humid": 73.36902705933049, 
    "wet_bulb": 294.65, 
    "dry_bulb": 298.15, 
    "v_fs_mean": 29.12, 
    "q": 498, 
    "pres_atm": 101106, 
    "dt": 25, 
    "test_date": "3-Jun", 
    "experiment_id": 18, 
    "n_samples": 200, 
    "eta_p": 0.297, 
    "temp_tunnel": 298.55, 
    "T_max": 5.6070400109500635, 
    "W_core": 23.281676086956523, 
    "v_fs_sigma": 0.06
}