{
    "core_location": [
        -7.2691529385098077, 
        -1.0096458662753518
    ], 
    "velocity_free_stream": 27.03, 
    "r_mesh_core": 21.66952505030638, 
    "temp_tunnel": 297.75, 
    "z_location": 27.875, 
    "rel_humid": 70.16699369355416, 
    "wet_bulb": 294.65, 
    "dry_bulb": 298.65, 
    "test_date": "3-Jun", 
    "W_core": 22.021063333333338, 
    "q": 432, 
    "pres_atm": 101120, 
    "experiment_id": 17, 
    "v_nominal": 27.0, 
    "n_samples": 200, 
    "dt": 25, 
    "v_fs_mean": 27.03, 
    "T_max": 5.2184886664031618, 
    "v_fs_sigma": 0.03
}