{
    "core_location": [
        -5.8131737447444731, 
        -5.0284944086918584
    ], 
    "velocity_free_stream": 15.22, 
    "r_mesh_core": 17.257233405451156, 
    "temp_tunnel": 299.85, 
    "z_location": 21.5, 
    "rel_humid": 60.426523977280496, 
    "wet_bulb": 293.65, 
    "dry_bulb": 299.15, 
    "test_date": "31-May", 
    "W_core": 11.923912891566264, 
    "q": 135, 
    "pres_atm": 102036, 
    "experiment_id": 1, 
    "v_nominal": 15.0, 
    "n_samples": 200, 
    "dt": 50, 
    "v_fs_mean": 15.22, 
    "T_max": 3.0695034672588033, 
    "v_fs_sigma": 0.02
}