{
    "core_location": [
        -5.8598639339820737, 
        -0.13152476085872938
    ], 
    "velocity_free_stream": 15.22, 
    "r_mesh_core": 19.039564516203853, 
    "temp_tunnel": 299.85, 
    "z_location": 21.5, 
    "rel_humid": 60.426523977280496, 
    "wet_bulb": 293.65, 
    "dry_bulb": 299.15, 
    "test_date": "31-May", 
    "W_core": 12.212677685950412, 
    "q": 135, 
    "pres_atm": 102036, 
    "experiment_id": 1, 
    "v_nominal": 15.0, 
    "n_samples": 200, 
    "dt": 50, 
    "v_fs_mean": 15.22, 
    "T_max": 2.8050542571109136, 
    "v_fs_sigma": 0.02
}