{
    "core_location": [
        -7.2885636625800609, 
        -4.0255770431000348
    ], 
    "velocity_free_stream": 30.87, 
    "r_mesh_core": 18.59363433481202, 
    "z_location_mm": 708, 
    "v_nominal": 31, 
    "W_mean": 31.281265159678277, 
    "rel_humid": 73.36880286035802, 
    "wet_bulb": 294.65, 
    "dry_bulb": 298.15, 
    "v_fs_mean": 30.87, 
    "q": 562, 
    "pres_atm": 101109, 
    "dt": 25, 
    "test_date": "3-Jun", 
    "experiment_id": 19, 
    "n_samples": 200, 
    "eta_p": 0.297, 
    "temp_tunnel": 298.95, 
    "T_max": 5.4214906109554892, 
    "W_core": 24.995106666666668, 
    "v_fs_sigma": 0.04
}