{
    "core_location": [
        -7.6294966615702071, 
        -5.0338328373181556
    ], 
    "velocity_free_stream": 32.98, 
    "r_mesh_core": 16.542455431663676, 
    "z_location_mm": 546, 
    "v_nominal": 33.0, 
    "W_mean": 33.239381320601268, 
    "rel_humid": 60.424534365916315, 
    "wet_bulb": 293.65, 
    "dry_bulb": 299.15, 
    "v_fs_mean": 32.98, 
    "q": 641, 
    "pres_atm": 102054, 
    "dt": 25, 
    "test_date": "31-May", 
    "experiment_id": 10, 
    "n_samples": 195, 
    "temp_tunnel": 299.9, 
    "T_max": 6.2203762378483773, 
    "W_core": 26.26173939393939, 
    "v_fs_sigma": 0.05
}