{
    "core_location": [
        -5.5802200020442649, 
        -5.5850512897647304
    ], 
    "velocity_free_stream": 21.13, 
    "r_mesh_core": 18.701569041364849, 
    "z_location_mm": 708, 
    "experiment_id": 14, 
    "rel_humid": 66.38635644886423, 
    "wet_bulb": 293.65, 
    "dry_bulb": 298.15, 
    "v_fs_mean": 21.13, 
    "q": 264, 
    "pres_atm": 101186, 
    "dt": 40, 
    "test_date": "3-Jun", 
    "v_nominal": 21.0, 
    "n_samples": 200, 
    "temp_tunnel": 296.85, 
    "T_max": 4.0278933460729727, 
    "W_core": 17.334112903225808, 
    "v_fs_sigma": 0.02
}