{
    "core_location": [
        -7.2914035973579425, 
        -1.0522747330118083
    ], 
    "velocity_free_stream": 30.87, 
    "r_mesh_core": 18.816235180964231, 
    "temp_tunnel": 298.95, 
    "z_location": 27.875, 
    "rel_humid": 73.36880286035802, 
    "wet_bulb": 294.65, 
    "dry_bulb": 298.15, 
    "test_date": "3-Jun", 
    "W_core": 24.995106666666668, 
    "q": 562, 
    "pres_atm": 101109, 
    "experiment_id": 19, 
    "v_nominal": 31.0, 
    "n_samples": 200, 
    "dt": 25, 
    "v_fs_mean": 30.87, 
    "T_max": 5.6883625989070188, 
    "v_fs_sigma": 0.04
}