{
    "core_location": [
        -4.0805845575838964, 
        -5.6427502337412374
    ], 
    "velocity_free_stream": 16.89, 
    "r_mesh_core": 19.196981248857536, 
    "z_location_mm": 708, 
    "experiment_id": 12, 
    "rel_humid": 69.83882061258073, 
    "wet_bulb": 294.15, 
    "dry_bulb": 298.15, 
    "v_fs_mean": 16.89, 
    "q": 169, 
    "pres_atm": 101218, 
    "dt": 40, 
    "test_date": "3-Jun", 
    "v_nominal": 17.0, 
    "n_samples": 200, 
    "temp_tunnel": 296.55, 
    "T_max": 3.6127019943529155, 
    "W_core": 13.581617204301075, 
    "v_fs_sigma": 0.02
}