{
    "core_location": [
        -7.1547733455035551, 
        -4.011668477176543
    ], 
    "velocity_free_stream": 23.21, 
    "r_mesh_core": 19.345079285655689, 
    "temp_tunnel": 297.85, 
    "z_location": 27.875, 
    "rel_humid": 66.38981163677623, 
    "wet_bulb": 293.65, 
    "dry_bulb": 298.15, 
    "test_date": "3-Jun", 
    "W_core": 12.102985714285714, 
    "q": 321, 
    "pres_atm": 101150, 
    "experiment_id": 15, 
    "v_nominal": 23.0, 
    "n_samples": 200, 
    "dt": 40, 
    "v_fs_mean": 23.21, 
    "T_max": 2.4096452783023268, 
    "v_fs_sigma": 0.04
}