{
    "core_location": [
        -4.0535422583881759, 
        -4.049049284789791
    ], 
    "velocity_free_stream": 15.27, 
    "r_mesh_core": 19.951486622035706, 
    "temp_tunnel": 296.05, 
    "z_location": 27.875, 
    "rel_humid": 69.84163753241423, 
    "wet_bulb": 294.15, 
    "dry_bulb": 298.15, 
    "test_date": "3-Jun", 
    "W_core": 12.58129189189189, 
    "q": 138, 
    "pres_atm": 101185, 
    "experiment_id": 11, 
    "v_nominal": 15.0, 
    "n_samples": 200, 
    "dt": 40, 
    "v_fs_mean": 15.27, 
    "T_max": 2.9407861668466131, 
    "v_fs_sigma": 0.02
}