{
    "core_location": [
        -7.189546704967773, 
        -1.0749043468443313
    ], 
    "velocity_free_stream": 29.12, 
    "r_mesh_core": 19.136526138849902, 
    "temp_tunnel": 298.55, 
    "z_location": 27.875, 
    "rel_humid": 73.36902705933049, 
    "wet_bulb": 294.65, 
    "dry_bulb": 298.15, 
    "test_date": "3-Jun", 
    "W_core": 23.281676086956523, 
    "q": 498, 
    "pres_atm": 101106, 
    "experiment_id": 18, 
    "v_nominal": 29.0, 
    "n_samples": 200, 
    "dt": 25, 
    "v_fs_mean": 29.12, 
    "T_max": 5.4858116062712359, 
    "v_fs_sigma": 0.06
}