{
    "core_location": [
        -4.060048469857926, 
        -0.95499856296404295
    ], 
    "velocity_free_stream": 16.89, 
    "r_mesh_core": 21.592554226764193, 
    "temp_tunnel": 296.55, 
    "z_location": 27.875, 
    "rel_humid": 69.83882061258073, 
    "wet_bulb": 294.15, 
    "dry_bulb": 298.15, 
    "test_date": "3-Jun", 
    "W_core": 13.581617204301075, 
    "q": 169, 
    "pres_atm": 101218, 
    "experiment_id": 12, 
    "v_nominal": 17.0, 
    "n_samples": 200, 
    "dt": 40, 
    "v_fs_mean": 16.89, 
    "T_max": 3.3592051865970656, 
    "v_fs_sigma": 0.02
}