{
    "core_location": [
        -5.7671581522242494, 
        -5.5418236832165366
    ], 
    "velocity_free_stream": 27.03, 
    "r_mesh_core": 18.28530588271386, 
    "z_location_mm": 708, 
    "v_nominal": 27, 
    "W_mean": 27.296495677853326, 
    "rel_humid": 70.16699369355416, 
    "wet_bulb": 294.65, 
    "dry_bulb": 298.65, 
    "v_fs_mean": 27.03, 
    "q": 432, 
    "pres_atm": 101120, 
    "dt": 25, 
    "test_date": "3-Jun", 
    "experiment_id": 17, 
    "n_samples": 200, 
    "eta_p": 0.306, 
    "temp_tunnel": 297.75, 
    "T_max": 5.2392896317499371, 
    "W_core": 22.021063333333338, 
    "v_fs_sigma": 0.03
}