{
    "core_location": [
        -4.0535422583881759, 
        -4.049049284789791
    ], 
    "velocity_free_stream": 15.27, 
    "r_mesh_core": 19.979798759797351, 
    "z_location_mm": 708, 
    "v_nominal": 15, 
    "W_mean": 15.353098619427143, 
    "rel_humid": 69.84163753241423, 
    "wet_bulb": 294.15, 
    "dry_bulb": 298.15, 
    "v_fs_mean": 15.27, 
    "q": 138, 
    "pres_atm": 101185, 
    "dt": 40, 
    "test_date": "3-Jun", 
    "experiment_id": 11, 
    "n_samples": 200, 
    "eta_p": 0.312, 
    "temp_tunnel": 296.05, 
    "T_max": 2.9191550446654508, 
    "W_core": 12.58129189189189, 
    "v_fs_sigma": 0.02
}