{
    "core_location": [
        -5.9654998581792515, 
        -0.013824945623241288
    ], 
    "velocity_free_stream": 32.98, 
    "r_mesh_core": 19.609637829238991, 
    "temp_tunnel": 299.9, 
    "z_location": 21.5, 
    "rel_humid": 60.424534365916315, 
    "wet_bulb": 293.65, 
    "dry_bulb": 299.15, 
    "test_date": "31-May", 
    "W_core": 26.26173939393939, 
    "q": 641, 
    "pres_atm": 102054, 
    "experiment_id": 10, 
    "v_nominal": 33.0, 
    "n_samples": 195, 
    "dt": 25, 
    "v_fs_mean": 32.98, 
    "T_max": 5.7766576149600191, 
    "v_fs_sigma": 0.05
}