{
    "core_location": [
        -7.2621707818173871, 
        0.76957651359951562
    ], 
    "velocity_free_stream": 25.36, 
    "r_mesh_core": 24.150805897363117, 
    "temp_tunnel": 297.45, 
    "z_location": 27.875, 
    "rel_humid": 71.75061545716393, 
    "wet_bulb": 294.65, 
    "dry_bulb": 298.4, 
    "test_date": "3-Jun", 
    "W_core": 20.7803875, 
    "q": 380, 
    "pres_atm": 101120, 
    "experiment_id": 16, 
    "v_nominal": 25.0, 
    "n_samples": 200, 
    "dt": 25, 
    "v_fs_mean": 25.36, 
    "T_max": 4.6125738405021801, 
    "v_fs_sigma": 0.04
}