{
    "core_location": [
        -2.4818715369518447, 
        -0.98785365314021611
    ], 
    "velocity_free_stream": 19.03, 
    "r_mesh_core": 18.27462655780478, 
    "temp_tunnel": 296.55, 
    "z_location": 27.875, 
    "rel_humid": 69.83873525137365, 
    "wet_bulb": 294.15, 
    "dry_bulb": 298.15, 
    "test_date": "3-Jun", 
    "W_core": 15.177919230769231, 
    "q": 215, 
    "pres_atm": 101219, 
    "experiment_id": 13, 
    "v_nominal": 19.0, 
    "n_samples": 200, 
    "dt": 40, 
    "v_fs_mean": 19.03, 
    "T_max": 3.5999673124810427, 
    "v_fs_sigma": 0.02
}