{
    "core_location": [
        -5.6077798891939388, 
        -5.6572608122782082
    ], 
    "velocity_free_stream": 19.03, 
    "r_mesh_core": 18.922233849646503, 
    "z_location_mm": 708, 
    "experiment_id": 13, 
    "rel_humid": 69.83873525137365, 
    "wet_bulb": 294.15, 
    "dry_bulb": 298.15, 
    "v_fs_mean": 19.03, 
    "q": 215, 
    "pres_atm": 101219, 
    "dt": 40, 
    "test_date": "3-Jun", 
    "v_nominal": 19.0, 
    "n_samples": 200, 
    "temp_tunnel": 296.55, 
    "T_max": 3.7538529050629235, 
    "W_core": 15.177919230769231, 
    "v_fs_sigma": 0.02
}