{
    "core_location": [
        -6.4037731017882029, 
        -9.8608741297302203
    ], 
    "velocity_free_stream": 31.26, 
    "r_mesh_core": 18.419119527894573, 
    "temp_tunnel": 299.35, 
    "z_location": 31.0, 
    "rel_humid": 71.9049995556323, 
    "wet_bulb": 294.9, 
    "dry_bulb": 298.65, 
    "test_date": "3-Jun", 
    "W_core": 26.191927631578949, 
    "q": 576, 
    "pres_atm": 101056, 
    "experiment_id": 29, 
    "v_nominal": 31.0, 
    "n_samples": 200, 
    "dt": 25, 
    "v_fs_mean": 31.26, 
    "T_max": 5.6256938592257661, 
    "v_fs_sigma": 0.04
}