{
    "core_location": [
        -4.8030683342399767, 
        -3.6117257691731011
    ], 
    "velocity_free_stream": 31.26, 
    "r_mesh_core": 18.818916045154022, 
    "z_location_mm": 787, 
    "v_nominal": 31, 
    "W_mean": 31.539517559816129, 
    "rel_humid": 71.9049995556323, 
    "wet_bulb": 294.9, 
    "dry_bulb": 298.65, 
    "v_fs_mean": 31.26, 
    "q": 576, 
    "pres_atm": 101056, 
    "dt": 25, 
    "test_date": "3-Jun", 
    "experiment_id": 29, 
    "n_samples": 200, 
    "eta_p": 0.298, 
    "temp_tunnel": 299.35, 
    "T_max": 5.5920658268684456, 
    "W_core": 26.154175000000002, 
    "v_fs_sigma": 0.04
}