{
    "core_location": [
        -5.7099546738554929, 
        -1.0033076077984899
    ], 
    "velocity_free_stream": 33.39, 
    "r_mesh_core": 21.901134668106074, 
    "temp_tunnel": 299.65, 
    "z_location": 27.875, 
    "rel_humid": 73.36940072428463, 
    "wet_bulb": 294.65, 
    "dry_bulb": 298.15, 
    "test_date": "3-Jun", 
    "W_core": 27.794043076923078, 
    "q": 653, 
    "pres_atm": 101101, 
    "experiment_id": 20, 
    "v_nominal": 33.0, 
    "n_samples": 200, 
    "dt": 25, 
    "v_fs_mean": 33.39, 
    "T_max": 5.9902775739667069, 
    "v_fs_sigma": 0.04
}