{
    "core_location": [
        -4.7462878426156223, 
        -3.8119578875106876
    ], 
    "velocity_free_stream": 21.09, 
    "r_mesh_core": 17.775542962370757, 
    "temp_tunnel": 297.95, 
    "z_location": 31.0, 
    "rel_humid": 75.28800889235399, 
    "wet_bulb": 295.15, 
    "dry_bulb": 298.4, 
    "test_date": "3-Jun", 
    "W_core": 17.505373170731705, 
    "q": 262, 
    "pres_atm": 101088, 
    "experiment_id": 24, 
    "v_nominal": 21.0, 
    "n_samples": 200, 
    "dt": 40, 
    "v_fs_mean": 21.09, 
    "T_max": 3.922373268199677, 
    "v_fs_sigma": 0.03
}