{
    "core_location": [
        -6.3329477803148757, 
        -9.7873464398356571
    ], 
    "velocity_free_stream": 17.27, 
    "r_mesh_core": 17.931182973617819, 
    "temp_tunnel": 297.85, 
    "z_location": 31.0, 
    "rel_humid": 72.04899552542227, 
    "wet_bulb": 295.15, 
    "dry_bulb": 298.9, 
    "test_date": "3-Jun", 
    "W_core": 13.827670666666666, 
    "q": 176, 
    "pres_atm": 101100, 
    "experiment_id": 22, 
    "v_nominal": 17.0, 
    "n_samples": 200, 
    "dt": 40, 
    "v_fs_mean": 17.27, 
    "T_max": 3.3253974725406761, 
    "v_fs_sigma": 0.02
}