{
    "core_location": [
        -4.8177593434768946, 
        -3.6871928871611988
    ], 
    "velocity_free_stream": 29.09, 
    "r_mesh_core": 18.733103631283658, 
    "z_location_mm": 787, 
    "v_nominal": 29, 
    "W_mean": 29.284545063902506, 
    "rel_humid": 71.90538827092041, 
    "wet_bulb": 294.9, 
    "dry_bulb": 298.65, 
    "v_fs_mean": 29.09, 
    "q": 496, 
    "pres_atm": 101051, 
    "dt": 25, 
    "test_date": "3-Jun", 
    "experiment_id": 28, 
    "n_samples": 200, 
    "eta_p": 0.298, 
    "temp_tunnel": 299.05, 
    "T_max": 5.2561078144465281, 
    "W_core": 23.678815789473685, 
    "v_fs_sigma": 0.04
}