{
    "core_location": [
        -6.3503410701690761, 
        -9.8562488911740989
    ], 
    "velocity_free_stream": 19.36, 
    "r_mesh_core": 16.904932498803216, 
    "temp_tunnel": 297.95, 
    "z_location": 31.0, 
    "rel_humid": 70.16848594159083, 
    "wet_bulb": 294.65, 
    "dry_bulb": 298.65, 
    "test_date": "3-Jun", 
    "W_core": 16.150592045454548, 
    "q": 222, 
    "pres_atm": 101102, 
    "experiment_id": 23, 
    "v_nominal": 19.0, 
    "n_samples": 200, 
    "dt": 40, 
    "v_fs_mean": 19.36, 
    "T_max": 3.6438683084306605, 
    "v_fs_sigma": 0.03
}