{
    "core_location": [
        -4.8284735159494803, 
        -9.7654618740283272
    ], 
    "velocity_free_stream": 23.15, 
    "r_mesh_core": 19.166986386368499, 
    "temp_tunnel": 298.05, 
    "z_location": 31.0, 
    "rel_humid": 75.28862455088066, 
    "wet_bulb": 295.15, 
    "dry_bulb": 298.4, 
    "test_date": "3-Jun", 
    "W_core": 18.965290624999998, 
    "q": 316, 
    "pres_atm": 101079, 
    "experiment_id": 25, 
    "v_nominal": 23.0, 
    "n_samples": 200, 
    "dt": 40, 
    "v_fs_mean": 23.15, 
    "T_max": 4.1450676536703224, 
    "v_fs_sigma": 0.02
}