{
    "core_location": [
        -7.4178565557731551, 
        -6.6401177626908261
    ], 
    "velocity_free_stream": 16.88, 
    "r_mesh_core": 16.41704851012328, 
    "z_location_mm": 546, 
    "v_nominal": 17.0, 
    "W_mean": 16.999768160762059, 
    "rel_humid": 66.29719340524646, 
    "wet_bulb": 293.65, 
    "dry_bulb": 298.15, 
    "v_fs_mean": 16.88, 
    "q": 170, 
    "pres_atm": 102115, 
    "dt": 50, 
    "test_date": "31-May", 
    "experiment_id": 2, 
    "n_samples": 200, 
    "temp_tunnel": 297.55, 
    "T_max": 3.2397365307777548, 
    "W_core": 13.121926666666667, 
    "v_fs_sigma": 0.02
}