{
    "core_location": [
        -7.2646010496851403, 
        -4.0306462107096728
    ], 
    "velocity_free_stream": 33.39, 
    "r_mesh_core": 19.366186411300347, 
    "z_location_mm": 708, 
    "v_nominal": 33.0, 
    "W_mean": 33.700748706663539, 
    "rel_humid": 73.36940072428463, 
    "wet_bulb": 294.65, 
    "dry_bulb": 298.15, 
    "v_fs_mean": 33.39, 
    "q": 653, 
    "pres_atm": 101101, 
    "dt": 25, 
    "test_date": "3-Jun", 
    "experiment_id": 20, 
    "n_samples": 200, 
    "temp_tunnel": 299.65, 
    "T_max": 6.1912068166076448, 
    "W_core": 27.774757142857144, 
    "v_fs_sigma": 0.04
}