{
    "core_location": [
        -6.3371856111259666, 
        -9.7474482134126426
    ], 
    "velocity_free_stream": 24.86, 
    "r_mesh_core": 18.55026886709588, 
    "temp_tunnel": 298.45, 
    "z_location": 31.0, 
    "rel_humid": 71.90453309728657, 
    "wet_bulb": 294.9, 
    "dry_bulb": 298.65, 
    "test_date": "3-Jun", 
    "W_core": 20.169310666666668, 
    "q": 364, 
    "pres_atm": 101062, 
    "experiment_id": 26, 
    "v_nominal": 25.0, 
    "n_samples": 200, 
    "dt": 25, 
    "v_fs_mean": 24.86, 
    "T_max": 4.7452484638241721, 
    "v_fs_sigma": 0.02
}