{
    "core_location": [
        -6.3541803222710547, 
        -3.7221388043445014
    ], 
    "velocity_free_stream": 26.95, 
    "r_mesh_core": 17.386622615275133, 
    "temp_tunnel": 298.65, 
    "z_location": 31.0, 
    "rel_humid": 70.1724652696886, 
    "wet_bulb": 294.65, 
    "dry_bulb": 298.65, 
    "test_date": "3-Jun", 
    "W_core": 21.53492, 
    "q": 430, 
    "pres_atm": 101054, 
    "experiment_id": 27, 
    "v_nominal": 27.0, 
    "n_samples": 200, 
    "dt": 25, 
    "v_fs_mean": 26.95, 
    "T_max": 5.1420784003305693, 
    "v_fs_sigma": 0.04
}