{
    "core_location": [
        -4.7381524109236768, 
        -6.7790296554038498
    ], 
    "velocity_free_stream": 15.2, 
    "r_mesh_core": 20.788754479343527, 
    "z_location_mm": 787, 
    "v_nominal": 15.0, 
    "W_mean": 15.398192950622935, 
    "rel_humid": 72.04945523630023, 
    "wet_bulb": 295.15, 
    "dry_bulb": 298.9, 
    "v_fs_mean": 15.2, 
    "q": 136, 
    "pres_atm": 101094, 
    "dt": 40, 
    "test_date": "3-Jun", 
    "experiment_id": 21, 
    "n_samples": 200, 
    "temp_tunnel": 297.95, 
    "T_max": 2.9558000276931788, 
    "W_core": 12.450629770992366, 
    "v_fs_sigma": 0.02
}