{
    "core_location": [
        -4.8177593434768946, 
        -3.6871928871611988
    ], 
    "velocity_free_stream": 29.09, 
    "r_mesh_core": 18.961488387258662, 
    "temp_tunnel": 299.05, 
    "z_location": 31.0, 
    "rel_humid": 71.90538827092041, 
    "wet_bulb": 294.9, 
    "dry_bulb": 298.65, 
    "test_date": "3-Jun", 
    "W_core": 23.870806250000001, 
    "q": 496, 
    "pres_atm": 101051, 
    "experiment_id": 28, 
    "v_nominal": 29.0, 
    "n_samples": 200, 
    "dt": 25, 
    "v_fs_mean": 29.09, 
    "T_max": 5.2789655052584061, 
    "v_fs_sigma": 0.04
}