{
    "core_location": [
        -4.8030683342399767, 
        -3.6117257691731011
    ], 
    "velocity_free_stream": 31.26, 
    "r_mesh_core": 18.441923685722514, 
    "temp_tunnel": 299.35, 
    "z_location": 31.0, 
    "rel_humid": 71.9049995556323, 
    "wet_bulb": 294.9, 
    "dry_bulb": 298.65, 
    "test_date": "3-Jun", 
    "W_core": 26.154175000000002, 
    "q": 576, 
    "pres_atm": 101056, 
    "experiment_id": 29, 
    "v_nominal": 31.0, 
    "n_samples": 200, 
    "dt": 25, 
    "v_fs_mean": 31.26, 
    "T_max": 5.6083269978817105, 
    "v_fs_sigma": 0.04
}