{
    "core_location": [
        -6.2500140265675386, 
        -5.2868289900816379
    ], 
    "velocity_free_stream": 19.36, 
    "r_mesh_core": 19.10444295656378, 
    "z_location_mm": 787, 
    "experiment_id": 23, 
    "rel_humid": 70.16848594159083, 
    "wet_bulb": 294.65, 
    "dry_bulb": 298.65, 
    "v_fs_mean": 19.36, 
    "q": 222, 
    "pres_atm": 101102, 
    "dt": 40, 
    "test_date": "3-Jun", 
    "v_nominal": 19.0, 
    "n_samples": 200, 
    "temp_tunnel": 297.95, 
    "T_max": 3.6285330125318316, 
    "W_core": 16.150592045454548, 
    "v_fs_sigma": 0.03
}