{
    "core_location": [
        -4.8474379746624248, 
        -3.6834443832079176
    ], 
    "velocity_free_stream": 24.86, 
    "r_mesh_core": 19.453998136263532, 
    "z_location_mm": 787, 
    "v_nominal": 25.0, 
    "W_mean": 25.056426725134205, 
    "rel_humid": 71.90453309728657, 
    "wet_bulb": 294.9, 
    "dry_bulb": 298.65, 
    "v_fs_mean": 24.86, 
    "q": 364, 
    "pres_atm": 101062, 
    "dt": 25, 
    "test_date": "3-Jun", 
    "experiment_id": 26, 
    "n_samples": 200, 
    "temp_tunnel": 298.45, 
    "T_max": 4.891732488954184, 
    "W_core": 20.169310666666668, 
    "v_fs_sigma": 0.02
}