{
    "core_location": [
        -4.8818057574263793, 
        -3.6722853457674094
    ], 
    "velocity_free_stream": 23.15, 
    "r_mesh_core": 18.582999360104434, 
    "z_location_mm": 787, 
    "v_nominal": 23.0, 
    "W_mean": 23.317590227538105, 
    "rel_humid": 75.28862455088066, 
    "wet_bulb": 295.15, 
    "dry_bulb": 298.4, 
    "v_fs_mean": 23.15, 
    "q": 316, 
    "pres_atm": 101079, 
    "dt": 40, 
    "test_date": "3-Jun", 
    "experiment_id": 25, 
    "n_samples": 200, 
    "temp_tunnel": 298.05, 
    "T_max": 4.1659186619000517, 
    "W_core": 18.965290624999998, 
    "v_fs_sigma": 0.02
}