{
    "core_location": [
        -1.0585963349388263, 
        -7.2894065100137242
    ], 
    "velocity_free_stream": 19.08, 
    "r_mesh_core": 19.110777206619648, 
    "z_location_mm": 864, 
    "experiment_id": 33, 
    "rel_humid": 63.82842562206529, 
    "wet_bulb": 292.4, 
    "dry_bulb": 297.15, 
    "v_fs_mean": 19.08, 
    "q": 219, 
    "pres_atm": 101847, 
    "dt": 40, 
    "test_date": "4-Jun", 
    "v_nominal": 19.0, 
    "n_samples": 200, 
    "temp_tunnel": 296.1, 
    "T_max": 3.5819758227388605, 
    "W_core": 15.82010963855422, 
    "v_fs_sigma": 0.02
}