{
    "core_location": [
        -5.8891959771423039, 
        0.021842247954926206
    ], 
    "velocity_free_stream": 19.43, 
    "r_mesh_core": 20.669699512711567, 
    "temp_tunnel": 297.55, 
    "z_location": 21.5, 
    "rel_humid": 66.29815317966646, 
    "wet_bulb": 293.65, 
    "dry_bulb": 298.15, 
    "test_date": "31-May", 
    "W_core": 15.373883076923077, 
    "q": 225, 
    "pres_atm": 102105, 
    "experiment_id": 3, 
    "v_nominal": 19.0, 
    "n_samples": 200, 
    "dt": 50, 
    "v_fs_mean": 19.43, 
    "T_max": 3.5596533967086943, 
    "v_fs_sigma": 0.01
}