{
    "core_location": [
        -2.6436691205137541, 
        -5.7372473192955695
    ], 
    "velocity_free_stream": 27.09, 
    "r_mesh_core": 17.436763384081939, 
    "z_location_mm": 864, 
    "v_nominal": 27.0, 
    "W_mean": 27.323810523734227, 
    "rel_humid": 65.57463643335473, 
    "wet_bulb": 292.65, 
    "dry_bulb": 297.15, 
    "v_fs_mean": 27.09, 
    "q": 438, 
    "pres_atm": 101843, 
    "dt": 25, 
    "test_date": "4-Jun", 
    "experiment_id": 37, 
    "n_samples": 200, 
    "temp_tunnel": 297.0, 
    "T_max": 4.8443224031161618, 
    "W_core": 22.172423437500001, 
    "v_fs_sigma": 0.05
}