{
    "core_location": [
        -1.0875018894443793, 
        -7.3947979537557629
    ], 
    "velocity_free_stream": 14.86, 
    "r_mesh_core": 19.108136667947818, 
    "temp_tunnel": 295.75, 
    "z_location": 34.0, 
    "rel_humid": 63.82649218920199, 
    "wet_bulb": 292.4, 
    "dry_bulb": 297.15, 
    "test_date": "4-Jun", 
    "W_core": 11.981868085106383, 
    "q": 133, 
    "pres_atm": 101865, 
    "experiment_id": 31, 
    "v_nominal": 15.0, 
    "n_samples": 200, 
    "dt": 40, 
    "v_fs_mean": 14.86, 
    "T_max": 2.8967419307602458, 
    "v_fs_sigma": 0.02
}