{
    "core_location": [
        -6.4001817793553668, 
        -3.6161900294173339
    ], 
    "velocity_free_stream": 32.94, 
    "r_mesh_core": 21.616042210617145, 
    "z_location_mm": 787, 
    "v_nominal": 33.0, 
    "W_mean": 33.326079433368953, 
    "rel_humid": 76.96273414365245, 
    "wet_bulb": 295.15, 
    "dry_bulb": 298.15, 
    "v_fs_mean": 32.94, 
    "q": 636, 
    "pres_atm": 101024, 
    "dt": 25, 
    "test_date": "3-Jun", 
    "experiment_id": 30, 
    "n_samples": 200, 
    "temp_tunnel": 299.75, 
    "T_max": 5.9101120072735025, 
    "W_core": 27.663536734693878, 
    "v_fs_sigma": 0.04
}