{
    "core_location": [
        -2.5166883266754003, 
        -5.848910086753925
    ], 
    "velocity_free_stream": 21.13, 
    "r_mesh_core": 18.53770822903407, 
    "temp_tunnel": 296.15, 
    "z_location": 34.0, 
    "rel_humid": 63.828640447938994, 
    "wet_bulb": 292.4, 
    "dry_bulb": 297.15, 
    "test_date": "4-Jun", 
    "W_core": 17.527938383838382, 
    "q": 267, 
    "pres_atm": 101845, 
    "experiment_id": 34, 
    "v_nominal": 21.0, 
    "n_samples": 200, 
    "dt": 40, 
    "v_fs_mean": 21.13, 
    "T_max": 3.8592566034594631, 
    "v_fs_sigma": 0.05
}