{
    "core_location": [
        -2.575912018568784, 
        -4.3711219004988306
    ], 
    "velocity_free_stream": 23.29, 
    "r_mesh_core": 18.876543110567265, 
    "z_location_mm": 864, 
    "v_nominal": 23.0, 
    "W_mean": 23.680840540789568, 
    "rel_humid": 63.828747860875836, 
    "wet_bulb": 292.4, 
    "dry_bulb": 297.15, 
    "v_fs_mean": 23.29, 
    "q": 323, 
    "pres_atm": 101844, 
    "dt": 40, 
    "test_date": "4-Jun", 
    "experiment_id": 35, 
    "n_samples": 200, 
    "temp_tunnel": 296.45, 
    "T_max": 4.2948762929377411, 
    "W_core": 18.9440375, 
    "v_fs_sigma": 0.02
}