{
    "core_location": [
        -2.6076447376358853, 
        -8.7568612377327408
    ], 
    "velocity_free_stream": 17.39, 
    "r_mesh_core": 18.573078680053353, 
    "temp_tunnel": 295.95, 
    "z_location": 34.0, 
    "rel_humid": 63.82756631857049, 
    "wet_bulb": 292.4, 
    "dry_bulb": 297.15, 
    "test_date": "4-Jun", 
    "W_core": 14.269213483146068, 
    "q": 180, 
    "pres_atm": 101855, 
    "experiment_id": 32, 
    "v_nominal": 17.0, 
    "n_samples": 200, 
    "dt": 40, 
    "v_fs_mean": 17.39, 
    "T_max": 3.2138149319939635, 
    "v_fs_sigma": 0.02
}