{
    "core_location": [
        -2.6162780516562232, 
        -8.6962281476143666
    ], 
    "velocity_free_stream": 30.87, 
    "r_mesh_core": 33.855473480642829, 
    "temp_tunnel": 298.15, 
    "z_location": 34.0, 
    "rel_humid": 62.51839700193487, 
    "wet_bulb": 292.65, 
    "dry_bulb": 297.65, 
    "test_date": "4-Jun", 
    "W_core": 28.475806250000002, 
    "q": 570, 
    "pres_atm": 101842, 
    "experiment_id": 39, 
    "v_nominal": 31.0, 
    "n_samples": 0, 
    "dt": 25, 
    "v_fs_mean": 30.87, 
    "T_max": 4.6186936884567995, 
    "v_fs_sigma": 0.04
}