{
    "core_location": [
        -2.6176488861101461, 
        -8.7641716495552178
    ], 
    "velocity_free_stream": 23.29, 
    "r_mesh_core": 20.213669808794222, 
    "temp_tunnel": 296.45, 
    "z_location": 34.0, 
    "rel_humid": 63.828747860875836, 
    "wet_bulb": 292.4, 
    "dry_bulb": 297.15, 
    "test_date": "4-Jun", 
    "W_core": 18.9440375, 
    "q": 323, 
    "pres_atm": 101844, 
    "experiment_id": 35, 
    "v_nominal": 23.0, 
    "n_samples": 200, 
    "dt": 40, 
    "v_fs_mean": 23.29, 
    "T_max": 4.3108810913537363, 
    "v_fs_sigma": 0.02
}