{
    "core_location": [
        -1.107310685530291, 
        -4.3420687918011982
    ], 
    "velocity_free_stream": 28.81, 
    "r_mesh_core": 20.385191338028463, 
    "z_location_mm": 864, 
    "v_nominal": 29.0, 
    "W_mean": 29.026507800406783, 
    "rel_humid": 65.57412749212148, 
    "wet_bulb": 292.65, 
    "dry_bulb": 297.15, 
    "v_fs_mean": 28.81, 
    "q": 493, 
    "pres_atm": 101848, 
    "dt": 25, 
    "test_date": "4-Jun", 
    "experiment_id": 38, 
    "n_samples": 200, 
    "temp_tunnel": 297.55, 
    "T_max": 5.0305790693087333, 
    "W_core": 23.789281818181816, 
    "v_fs_sigma": 0.03
}