{
    "core_location": [
        -2.4921660775827101, 
        -8.7459193246327551
    ], 
    "velocity_free_stream": 19.08, 
    "r_mesh_core": 18.171656140890878, 
    "temp_tunnel": 296.1, 
    "z_location": 34.0, 
    "rel_humid": 63.82842562206529, 
    "wet_bulb": 292.4, 
    "dry_bulb": 297.15, 
    "test_date": "4-Jun", 
    "W_core": 15.82010963855422, 
    "q": 219, 
    "pres_atm": 101847, 
    "experiment_id": 33, 
    "v_nominal": 19.0, 
    "n_samples": 200, 
    "dt": 40, 
    "v_fs_mean": 19.08, 
    "T_max": 3.5709968600308004, 
    "v_fs_sigma": 0.02
}