{
    "core_location": [
        -6.3627967567991357, 
        -9.7549328606661057
    ], 
    "velocity_free_stream": 32.94, 
    "r_mesh_core": 18.849620411734126, 
    "temp_tunnel": 299.75, 
    "z_location": 31.0, 
    "rel_humid": 76.96273414365245, 
    "wet_bulb": 295.15, 
    "dry_bulb": 298.15, 
    "test_date": "3-Jun", 
    "W_core": 27.663536734693878, 
    "q": 636, 
    "pres_atm": 101024, 
    "experiment_id": 30, 
    "v_nominal": 33.0, 
    "n_samples": 200, 
    "dt": 25, 
    "v_fs_mean": 32.94, 
    "T_max": 5.8209247067483219, 
    "v_fs_sigma": 0.04
}