{
    "core_location": [
        -5.9415605591962555, 
        -4.9758662469738466
    ], 
    "velocity_free_stream": 19.43, 
    "r_mesh_core": 18.943003799481918, 
    "z_location_mm": 546, 
    "v_nominal": 19, 
    "W_mean": 19.628463366503095, 
    "rel_humid": 66.29815317966646, 
    "wet_bulb": 293.65, 
    "dry_bulb": 298.15, 
    "v_fs_mean": 19.43, 
    "q": 225, 
    "pres_atm": 102105, 
    "dt": 50, 
    "test_date": "31-May", 
    "experiment_id": 3, 
    "n_samples": 200, 
    "eta_p": 0.32899999999999996, 
    "temp_tunnel": 297.55, 
    "T_max": 3.7482259769841755, 
    "W_core": 15.373883076923077, 
    "v_fs_sigma": 0.01
}