{
    "core_location": [
        -1.0659754630295004, 
        -5.8958791252659646
    ], 
    "velocity_free_stream": 17.39, 
    "r_mesh_core": 19.171711048315291, 
    "z_location_mm": 864, 
    "v_nominal": 17.0, 
    "W_mean": 17.52958194178683, 
    "rel_humid": 63.82756631857049, 
    "wet_bulb": 292.4, 
    "dry_bulb": 297.15, 
    "v_fs_mean": 17.39, 
    "q": 180, 
    "pres_atm": 101855, 
    "dt": 40, 
    "test_date": "4-Jun", 
    "experiment_id": 32, 
    "n_samples": 200, 
    "temp_tunnel": 295.95, 
    "T_max": 3.2324357933660086, 
    "W_core": 14.269213483146068, 
    "v_fs_sigma": 0.02
}