{
    "core_location": [
        -10.460435213260682, 
        -2.7577669051885012
    ], 
    "velocity_free_stream": 30.87, 
    "r_mesh_core": 32.274209339703063, 
    "z_location_mm": 864, 
    "v_nominal": 31.0, 
    "W_mean": 31.032359171693145, 
    "rel_humid": 62.51839700193487, 
    "wet_bulb": 292.65, 
    "dry_bulb": 297.65, 
    "v_fs_mean": 30.87, 
    "q": 570, 
    "pres_atm": 101842, 
    "dt": 25, 
    "test_date": "4-Jun", 
    "experiment_id": 39, 
    "n_samples": 0, 
    "temp_tunnel": 298.15, 
    "T_max": 4.5055556801913959, 
    "W_core": 26.837765217391301, 
    "v_fs_sigma": 0.04
}