{
    "core_location": [
        -2.6284302772994237, 
        -8.7664192521115218
    ], 
    "velocity_free_stream": 27.09, 
    "r_mesh_core": 18.196292171940616, 
    "temp_tunnel": 297.0, 
    "z_location": 34.0, 
    "rel_humid": 65.57463643335473, 
    "wet_bulb": 292.65, 
    "dry_bulb": 297.15, 
    "test_date": "4-Jun", 
    "W_core": 22.172423437500001, 
    "q": 438, 
    "pres_atm": 101843, 
    "experiment_id": 37, 
    "v_nominal": 27.0, 
    "n_samples": 200, 
    "dt": 25, 
    "v_fs_mean": 27.09, 
    "T_max": 4.8219428930632846, 
    "v_fs_sigma": 0.05
}