{
    "core_location": [
        -9.8888335994561469, 
        -28.537873736805441
    ], 
    "velocity_free_stream": 27.08, 
    "r_mesh_core": 44.529416395930518, 
    "temp_tunnel": 297.45, 
    "z_location": 36.0, 
    "rel_humid": 55.844046178579, 
    "wet_bulb": 291.65, 
    "dry_bulb": 297.65, 
    "test_date": "4-Jun", 
    "W_core": 26.892247457627121, 
    "q": 435, 
    "pres_atm": 101788, 
    "experiment_id": 47, 
    "v_nominal": 27.0, 
    "n_samples": 200, 
    "dt": 25, 
    "v_fs_mean": 27.08, 
    "T_max": 3.5349946167435125, 
    "v_fs_sigma": 0.04
}