{
    "core_location": [
        -9.8984070271382905, 
        -28.541723693763267
    ], 
    "velocity_free_stream": 29.19, 
    "r_mesh_core": 44.152551988431412, 
    "temp_tunnel": 297.85, 
    "z_location": 36.0, 
    "rel_humid": 55.8445724078439, 
    "wet_bulb": 291.65, 
    "dry_bulb": 297.65, 
    "test_date": "4-Jun", 
    "W_core": 28.990936283185842, 
    "q": 506, 
    "pres_atm": 101784, 
    "experiment_id": 48, 
    "v_nominal": 29.0, 
    "n_samples": 200, 
    "dt": 25, 
    "v_fs_mean": 29.19, 
    "T_max": 3.8526042109209251, 
    "v_fs_sigma": 0.03
}