{
    "core_location": [
        7.2199697540857137, 
        -5.2459543800981923
    ], 
    "velocity_free_stream": 23.24, 
    "r_mesh_core": 13.986400400714851, 
    "temp_tunnel": 296.95, 
    "z_location": 36.0, 
    "rel_humid": 55.84128347493832, 
    "wet_bulb": 291.65, 
    "dry_bulb": 297.65, 
    "test_date": "4-Jun", 
    "W_core": 18.3743765625, 
    "q": 323, 
    "pres_atm": 101809, 
    "experiment_id": 45, 
    "v_nominal": 23.0, 
    "n_samples": 200, 
    "dt": 40, 
    "v_fs_mean": 23.24, 
    "T_max": 5.7070966986370113, 
    "v_fs_sigma": 0.03
}