{
    "core_location": [
        7.155419220020895, 
        -3.851234762023521
    ], 
    "velocity_free_stream": 29.19, 
    "r_mesh_core": 13.425898952495176, 
    "z_location_mm": 914, 
    "v_nominal": 29.0, 
    "W_mean": 29.70378839148588, 
    "rel_humid": 55.8445724078439, 
    "wet_bulb": 291.65, 
    "dry_bulb": 297.65, 
    "v_fs_mean": 29.19, 
    "q": 506, 
    "pres_atm": 101784, 
    "dt": 25, 
    "test_date": "4-Jun", 
    "experiment_id": 48, 
    "n_samples": 200, 
    "temp_tunnel": 297.85, 
    "T_max": 7.3055678339240719, 
    "W_core": 23.086215384615386, 
    "v_fs_sigma": 0.03
}