{
    "core_location": [
        7.259550717560332, 
        -5.2816925112395854
    ], 
    "velocity_free_stream": 19.08, 
    "r_mesh_core": 13.466002437201199, 
    "z_location_mm": 914, 
    "v_nominal": 19.0, 
    "W_mean": 19.370477666400394, 
    "rel_humid": 55.840888802989646, 
    "wet_bulb": 291.65, 
    "dry_bulb": 297.65, 
    "v_fs_mean": 19.08, 
    "q": 217, 
    "pres_atm": 101812, 
    "dt": 40, 
    "test_date": "4-Jun", 
    "experiment_id": 43, 
    "n_samples": 200, 
    "temp_tunnel": 294.45, 
    "T_max": 4.6377922621403611, 
    "W_core": 15.055282857142856, 
    "v_fs_sigma": 0.03
}