{
    "core_location": [
        -9.4710464593731611, 
        -3.1574346073178989
    ], 
    "velocity_free_stream": 21.06, 
    "r_mesh_core": 18.205362196074489, 
    "z_location_mm": 546, 
    "v_nominal": 21, 
    "W_mean": 21.334039740131384, 
    "rel_humid": 63.29613877102622, 
    "wet_bulb": 293.65, 
    "dry_bulb": 298.65, 
    "v_fs_mean": 21.06, 
    "q": 264, 
    "pres_atm": 102100, 
    "dt": 50, 
    "test_date": "31-May", 
    "experiment_id": 4, 
    "n_samples": 43, 
    "eta_p": 0.324, 
    "temp_tunnel": 297.75, 
    "T_max": 4.0339155696795084, 
    "W_core": 16.84414210526316, 
    "v_fs_sigma": 0.02
}