{
    "core_location": [
        8.438591329809972, 
        -4.7536046404933199
    ], 
    "velocity_free_stream": 14.88, 
    "r_mesh_core": 13.303014789498086, 
    "z_location_mm": 914, 
    "v_nominal": 15, 
    "W_mean": 15.23308345401416, 
    "rel_humid": 57.48740183859897, 
    "wet_bulb": 291.9, 
    "dry_bulb": 297.65, 
    "v_fs_mean": 14.88, 
    "q": 132, 
    "pres_atm": 101815, 
    "dt": 40, 
    "test_date": "4-Jun", 
    "experiment_id": 41, 
    "n_samples": 200, 
    "eta_p": 0.386, 
    "temp_tunnel": 296.25, 
    "T_max": 3.6661598212877746, 
    "W_core": 11.357283333333335, 
    "v_fs_sigma": 0.02
}