{
    "core_location": [
        -9.9065418665866734, 
        -28.534547622807448
    ], 
    "velocity_free_stream": 21.18, 
    "r_mesh_core": 44.430624024975501, 
    "temp_tunnel": 296.65, 
    "z_location": 36.0, 
    "rel_humid": 55.84036257372476, 
    "wet_bulb": 291.65, 
    "dry_bulb": 297.65, 
    "test_date": "4-Jun", 
    "W_core": 20.603234375, 
    "q": 267, 
    "pres_atm": 101816, 
    "experiment_id": 44, 
    "v_nominal": 21.0, 
    "n_samples": 200, 
    "dt": 40, 
    "v_fs_mean": 21.18, 
    "T_max": 2.665560448620012, 
    "v_fs_sigma": 0.03
}