{
    "core_location": [
        7.2675448537524652, 
        -5.2312310196573764
    ], 
    "velocity_free_stream": 21.18, 
    "r_mesh_core": 16.528593296274664, 
    "z_location_mm": 914, 
    "experiment_id": 44, 
    "rel_humid": 55.84036257372476, 
    "wet_bulb": 291.65, 
    "dry_bulb": 297.65, 
    "v_fs_mean": 21.18, 
    "q": 267, 
    "pres_atm": 101816, 
    "dt": 40, 
    "test_date": "4-Jun", 
    "v_nominal": 21.0, 
    "n_samples": 200, 
    "temp_tunnel": 296.65, 
    "T_max": 5.1517881325098651, 
    "W_core": 16.745372093023256, 
    "v_fs_sigma": 0.03
}