{
    "core_location": [
        7.2199697540857137, 
        -5.2459543800981923
    ], 
    "velocity_free_stream": 23.24, 
    "r_mesh_core": 14.694309276890309, 
    "z_location_mm": 914, 
    "v_nominal": 23.0, 
    "W_mean": 23.710125444713803, 
    "rel_humid": 55.84128347493832, 
    "wet_bulb": 291.65, 
    "dry_bulb": 297.65, 
    "v_fs_mean": 23.24, 
    "q": 323, 
    "pres_atm": 101809, 
    "dt": 40, 
    "test_date": "4-Jun", 
    "experiment_id": 45, 
    "n_samples": 200, 
    "temp_tunnel": 296.95, 
    "T_max": 5.6988791292904599, 
    "W_core": 18.3743765625, 
    "v_fs_sigma": 0.03
}