{
    "core_location": [
        -3.225585747874792, 
        0.98388012121097701
    ], 
    "velocity_free_stream": 21.06, 
    "r_mesh_core": 21.629509190296893, 
    "temp_tunnel": 297.75, 
    "z_location": 21.5, 
    "rel_humid": 63.29613877102622, 
    "wet_bulb": 293.65, 
    "dry_bulb": 298.65, 
    "test_date": "31-May", 
    "W_core": 17.008804000000001, 
    "q": 264, 
    "pres_atm": 102100, 
    "experiment_id": 4, 
    "v_nominal": 21.0, 
    "n_samples": 43, 
    "dt": 50, 
    "v_fs_mean": 21.06, 
    "T_max": 3.6230557787651545, 
    "v_fs_sigma": 0.02
}