{
    "core_location": [
        32.205617458314677, 
        39.838665324004538
    ], 
    "velocity_free_stream": 21.06, 
    "r_mesh_core": 25.460442337983604, 
    "temp_tunnel": 297.75, 
    "z_location": 21.5, 
    "rel_humid": 63.29613877102622, 
    "wet_bulb": 293.65, 
    "dry_bulb": 298.65, 
    "test_date": "31-May", 
    "W_core": 20.154169696969696, 
    "q": 264, 
    "pres_atm": 102100, 
    "experiment_id": 4, 
    "v_nominal": 21.0, 
    "n_samples": 43, 
    "dt": 50, 
    "v_fs_mean": 21.06, 
    "T_max": 0.6680530868680038, 
    "v_fs_sigma": 0.02
}