{
    "core_location": [
        -2.5643604852683244, 
        -8.7496770391836272
    ], 
    "velocity_free_stream": 33.44, 
    "r_mesh_core": 35.963704694607756, 
    "temp_tunnel": 298.35, 
    "z_location": 34.0, 
    "rel_humid": 62.51817749284241, 
    "wet_bulb": 292.65, 
    "dry_bulb": 297.65, 
    "test_date": "4-Jun", 
    "W_core": 31.077596808510638, 
    "q": 661, 
    "pres_atm": 101844, 
    "experiment_id": 40, 
    "v_nominal": 33.0, 
    "n_samples": 0, 
    "dt": 25, 
    "v_fs_mean": 33.44, 
    "T_max": 4.9070182837326977, 
    "v_fs_sigma": 0.06
}