{
    "core_location": [
        -8.3373600116929456, 
        -28.537554498633568
    ], 
    "velocity_free_stream": 31.28, 
    "r_mesh_core": 42.681055066885861, 
    "temp_tunnel": 298.15, 
    "z_location": 36.0, 
    "rel_humid": 56.0874445158196, 
    "wet_bulb": 291.9, 
    "dry_bulb": 297.9, 
    "test_date": "4-Jun", 
    "W_core": 30.494367088607593, 
    "q": 584, 
    "pres_atm": 101786, 
    "experiment_id": 49, 
    "v_nominal": 31.0, 
    "n_samples": 200, 
    "dt": 25, 
    "v_fs_mean": 31.28, 
    "T_max": 3.8503496940691271, 
    "v_fs_sigma": 0.05
}