{
    "core_location": [
        -9.8920974010307834, 
        -28.547917777375034
    ], 
    "velocity_free_stream": 19.08, 
    "r_mesh_core": 44.20529053562057, 
    "temp_tunnel": 294.45, 
    "z_location": 36.0, 
    "rel_humid": 55.840888802989646, 
    "wet_bulb": 291.65, 
    "dry_bulb": 297.65, 
    "test_date": "4-Jun", 
    "W_core": 18.691082608695655, 
    "q": 217, 
    "pres_atm": 101812, 
    "experiment_id": 43, 
    "v_nominal": 19.0, 
    "n_samples": 200, 
    "dt": 40, 
    "v_fs_mean": 19.08, 
    "T_max": 2.4794358522225335, 
    "v_fs_sigma": 0.03
}