{
    "core_location": [
        7.4413552908733536, 
        -5.3279065996403121
    ], 
    "velocity_free_stream": 17.24, 
    "r_mesh_core": 15.386412263765823, 
    "z_location_mm": 914, 
    "v_nominal": 17.0, 
    "W_mean": 17.289204174901155, 
    "rel_humid": 55.840888802989646, 
    "wet_bulb": 291.65, 
    "dry_bulb": 297.65, 
    "v_fs_mean": 17.24, 
    "q": 180, 
    "pres_atm": 101812, 
    "dt": 40, 
    "test_date": "4-Jun", 
    "experiment_id": 42, 
    "n_samples": 200, 
    "temp_tunnel": 296.35, 
    "T_max": 4.3620524492591128, 
    "W_core": 13.403051612903225, 
    "v_fs_sigma": 0.03
}