{
    "core_location": [
        11.315898834992476, 
        -10.430631144098566
    ], 
    "velocity_free_stream": 33.44, 
    "r_mesh_core": 16.676192083397954, 
    "temp_tunnel": 298.35, 
    "z_location": 34.0, 
    "rel_humid": 62.51817749284241, 
    "wet_bulb": 292.65, 
    "dry_bulb": 297.65, 
    "test_date": "4-Jun", 
    "W_core": 28.164538709677419, 
    "q": 661, 
    "pres_atm": 101844, 
    "experiment_id": 40, 
    "v_nominal": 33.0, 
    "n_samples": 0, 
    "dt": 25, 
    "v_fs_mean": 33.44, 
    "T_max": 4.3215459633769191, 
    "v_fs_sigma": 0.06
}