{
    "core_location": [
        -9.9283284445961968, 
        -28.555885780762765
    ], 
    "velocity_free_stream": 14.88, 
    "r_mesh_core": 43.788566251812199, 
    "temp_tunnel": 296.25, 
    "z_location": 36.0, 
    "rel_humid": 57.48740183859897, 
    "wet_bulb": 291.9, 
    "dry_bulb": 297.65, 
    "test_date": "4-Jun", 
    "W_core": 14.175397727272726, 
    "q": 132, 
    "pres_atm": 101815, 
    "experiment_id": 41, 
    "v_nominal": 15.0, 
    "n_samples": 200, 
    "dt": 40, 
    "v_fs_mean": 14.88, 
    "T_max": 1.7401702406658577, 
    "v_fs_sigma": 0.02
}