{
    "core_location": [
        8.5364633397792833, 
        -3.9167504117854377
    ], 
    "velocity_free_stream": 24.9, 
    "r_mesh_core": 14.845395651017958, 
    "z_location_mm": 914, 
    "v_nominal": 25.0, 
    "W_mean": 25.372811864662818, 
    "rel_humid": 55.84220437615188, 
    "wet_bulb": 291.65, 
    "dry_bulb": 297.65, 
    "v_fs_mean": 24.9, 
    "q": 371, 
    "pres_atm": 101802, 
    "dt": 25, 
    "test_date": "4-Jun", 
    "experiment_id": 46, 
    "n_samples": 200, 
    "temp_tunnel": 297.15, 
    "T_max": 6.1611074819456411, 
    "W_core": 19.014966666666666, 
    "v_fs_sigma": 0.03
}