{
    "core_location": [
        -8.3548596311317294, 
        -28.53350921130458
    ], 
    "velocity_free_stream": 24.9, 
    "r_mesh_core": 38.207250982432434, 
    "temp_tunnel": 297.15, 
    "z_location": 36.0, 
    "rel_humid": 55.84220437615188, 
    "wet_bulb": 291.65, 
    "dry_bulb": 297.65, 
    "test_date": "4-Jun", 
    "W_core": 23.354850746268653, 
    "q": 371, 
    "pres_atm": 101802, 
    "experiment_id": 46, 
    "v_nominal": 25.0, 
    "n_samples": 200, 
    "dt": 25, 
    "v_fs_mean": 24.9, 
    "T_max": 3.0889320749716132, 
    "v_fs_sigma": 0.03
}