{
    "core_location": [
        7.2640858262755419, 
        -5.3241706635448205
    ], 
    "velocity_free_stream": 17.24, 
    "r_mesh_core": 15.842908638506572, 
    "z_location_mm": 914, 
    "v_nominal": 17.0, 
    "W_mean": 17.287497490155861, 
    "rel_humid": 55.840888802989646, 
    "wet_bulb": 291.65, 
    "dry_bulb": 297.65, 
    "v_fs_mean": 17.24, 
    "q": 180, 
    "pres_atm": 101812, 
    "dt": 40, 
    "test_date": "4-Jun", 
    "experiment_id": 42, 
    "n_samples": 200, 
    "temp_tunnel": 296.35, 
    "T_max": 4.334629218652478, 
    "W_core": 13.31478888888889, 
    "v_fs_sigma": 0.03
}