{
    "core_location": [
        -9.8979123425023356, 
        -28.527662193146586
    ], 
    "velocity_free_stream": 23.24, 
    "r_mesh_core": 44.211701130009445, 
    "temp_tunnel": 296.95, 
    "z_location": 36.0, 
    "rel_humid": 55.84128347493832, 
    "wet_bulb": 291.65, 
    "dry_bulb": 297.65, 
    "test_date": "4-Jun", 
    "W_core": 22.743023749999999, 
    "q": 323, 
    "pres_atm": 101809, 
    "experiment_id": 45, 
    "v_nominal": 23.0, 
    "n_samples": 200, 
    "dt": 40, 
    "v_fs_mean": 23.24, 
    "T_max": 3.2137654290769593, 
    "v_fs_sigma": 0.03
}