{
    "core_location": [
        -8.3460931284624049, 
        -28.556714219875698
    ], 
    "velocity_free_stream": 17.24, 
    "r_mesh_core": 44.64535438354411, 
    "temp_tunnel": 296.35, 
    "z_location": 36.0, 
    "rel_humid": 55.840888802989646, 
    "wet_bulb": 291.65, 
    "dry_bulb": 297.65, 
    "test_date": "4-Jun", 
    "W_core": 16.810454838709678, 
    "q": 180, 
    "pres_atm": 101812, 
    "experiment_id": 42, 
    "v_nominal": 17.0, 
    "n_samples": 200, 
    "dt": 40, 
    "v_fs_mean": 17.24, 
    "T_max": 2.2086562873769475, 
    "v_fs_sigma": 0.03
}