{
    "core_location": [
        8.1250775228001828, 
        -3.3531046851887427
    ], 
    "velocity_free_stream": 14.88, 
    "r_mesh_core": 14.685867914558029, 
    "z_location_mm": 914, 
    "v_nominal": 15.0, 
    "W_mean": 15.232762276363436, 
    "rel_humid": 57.48740183859897, 
    "wet_bulb": 291.9, 
    "dry_bulb": 297.65, 
    "v_fs_mean": 14.88, 
    "q": 132, 
    "pres_atm": 101815, 
    "dt": 40, 
    "test_date": "4-Jun", 
    "experiment_id": 41, 
    "n_samples": 200, 
    "temp_tunnel": 296.25, 
    "T_max": 3.6803817217443022, 
    "W_core": 11.749448275862068, 
    "v_fs_sigma": 0.02
}