{
    "core_location": [
        7.0569867185443238, 
        -3.8006908927071779
    ], 
    "velocity_free_stream": 31.28, 
    "r_mesh_core": 13.601216958861462, 
    "temp_tunnel": 298.15, 
    "z_location": 36.0, 
    "rel_humid": 56.0874445158196, 
    "wet_bulb": 291.9, 
    "dry_bulb": 297.9, 
    "test_date": "4-Jun", 
    "W_core": 25.013867647058827, 
    "q": 584, 
    "pres_atm": 101786, 
    "experiment_id": 49, 
    "v_nominal": 31.0, 
    "n_samples": 200, 
    "dt": 25, 
    "v_fs_mean": 31.28, 
    "T_max": 7.4763933329869694, 
    "v_fs_sigma": 0.05
}