{
    "core_location": [
        5.9934876668604575, 
        -4.6663381425607939
    ], 
    "velocity_free_stream": 29.17, 
    "r_mesh_core": 14.223527144045793, 
    "z_location_mm": 965, 
    "v_nominal": 29.0, 
    "W_mean": 29.60712839234969, 
    "rel_humid": 47.41391037580162, 
    "wet_bulb": 291.15, 
    "dry_bulb": 298.65, 
    "v_fs_mean": 29.17, 
    "q": 505, 
    "pres_atm": 102005, 
    "dt": 25, 
    "test_date": "5-Jun", 
    "experiment_id": 58, 
    "n_samples": 200, 
    "temp_tunnel": 298.15, 
    "T_max": 6.8267585077618405, 
    "W_core": 23.645688333333336, 
    "v_fs_sigma": 0.04
}