{
    "core_location": [
        7.6290859256480896, 
        -13.960239043990565
    ], 
    "velocity_free_stream": 15.31, 
    "r_mesh_core": 17.717397635989617, 
    "temp_tunnel": 294.85, 
    "z_location": 38.0, 
    "rel_humid": 61.20240407689063, 
    "wet_bulb": 291.15, 
    "dry_bulb": 296.15, 
    "test_date": "5-Jun", 
    "W_core": 12.292242857142858, 
    "q": 140, 
    "pres_atm": 102039, 
    "experiment_id": 51, 
    "v_nominal": 15.0, 
    "n_samples": 200, 
    "dt": 40, 
    "v_fs_mean": 15.31, 
    "T_max": 3.2610473262989399, 
    "v_fs_sigma": 0.02
}