{
    "core_location": [
        -9.9130483969610701, 
        -28.546057205068728
    ], 
    "velocity_free_stream": 33.05, 
    "r_mesh_core": 44.304291782105032, 
    "temp_tunnel": 298.75, 
    "z_location": 36.0, 
    "rel_humid": 56.087055595693805, 
    "wet_bulb": 291.9, 
    "dry_bulb": 297.9, 
    "test_date": "4-Jun", 
    "W_core": 32.16235363636364, 
    "q": 645, 
    "pres_atm": 101789, 
    "experiment_id": 50, 
    "v_nominal": 33.0, 
    "n_samples": 200, 
    "dt": 25, 
    "v_fs_mean": 33.05, 
    "T_max": 3.9049755146681173, 
    "v_fs_sigma": 0.05
}