{
    "core_location": [
        12.235443773216151, 
        -27.840220128379432
    ], 
    "velocity_free_stream": 27.05, 
    "r_mesh_core": 35.808157141187714, 
    "temp_tunnel": 297.85, 
    "z_location": 38.0, 
    "rel_humid": 52.56474795166843, 
    "wet_bulb": 291.15, 
    "dry_bulb": 297.65, 
    "test_date": "5-Jun", 
    "W_core": 25.499051470588235, 
    "q": 437, 
    "pres_atm": 102008, 
    "experiment_id": 57, 
    "v_nominal": 27.0, 
    "n_samples": 200, 
    "dt": 25, 
    "v_fs_mean": 27.05, 
    "T_max": 4.3083931007599174, 
    "v_fs_sigma": 0.06
}