{
    "core_location": [
        7.6027005102621521, 
        -13.901983470346387
    ], 
    "velocity_free_stream": 21.23, 
    "r_mesh_core": 18.522651937765453, 
    "temp_tunnel": 295.35, 
    "z_location": 38.0, 
    "rel_humid": 59.447118336584026, 
    "wet_bulb": 290.9, 
    "dry_bulb": 296.15, 
    "test_date": "5-Jun", 
    "W_core": 16.911389285714286, 
    "q": 270, 
    "pres_atm": 102037, 
    "experiment_id": 54, 
    "v_nominal": 21.0, 
    "n_samples": 200, 
    "dt": 40, 
    "v_fs_mean": 21.23, 
    "T_max": 4.3778578097562333, 
    "v_fs_sigma": 0.03
}