{
    "core_location": [
        12.231933965365224, 
        -27.825141387385674
    ], 
    "velocity_free_stream": 29.17, 
    "r_mesh_core": 36.266715633871428, 
    "temp_tunnel": 298.15, 
    "z_location": 38.0, 
    "rel_humid": 47.41391037580162, 
    "wet_bulb": 291.15, 
    "dry_bulb": 298.65, 
    "test_date": "5-Jun", 
    "W_core": 27.563481372549017, 
    "q": 505, 
    "pres_atm": 102005, 
    "experiment_id": 58, 
    "v_nominal": 29.0, 
    "n_samples": 200, 
    "dt": 25, 
    "v_fs_mean": 29.17, 
    "T_max": 4.6761163014620806, 
    "v_fs_sigma": 0.04
}