{
    "core_location": [
        12.245771814428686, 
        -27.833494362417568
    ], 
    "velocity_free_stream": 17.36, 
    "r_mesh_core": 38.19790833659772, 
    "temp_tunnel": 294.95, 
    "z_location": 38.0, 
    "rel_humid": 61.203003734988144, 
    "wet_bulb": 291.15, 
    "dry_bulb": 296.15, 
    "test_date": "5-Jun", 
    "W_core": 16.217324657534249, 
    "q": 182, 
    "pres_atm": 102034, 
    "experiment_id": 52, 
    "v_nominal": 17.0, 
    "n_samples": 200, 
    "dt": 40, 
    "v_fs_mean": 17.36, 
    "T_max": 2.5509190741460013, 
    "v_fs_sigma": 0.03
}