{
    "core_location": [
        7.5579941090436176, 
        -4.8079046506310936
    ], 
    "velocity_free_stream": 17.36, 
    "r_mesh_core": 13.827225526428217, 
    "temp_tunnel": 294.95, 
    "z_location": 38.0, 
    "rel_humid": 61.203003734988144, 
    "wet_bulb": 291.15, 
    "dry_bulb": 296.15, 
    "test_date": "5-Jun", 
    "W_core": 13.907351724137932, 
    "q": 182, 
    "pres_atm": 102034, 
    "experiment_id": 52, 
    "v_nominal": 17.0, 
    "n_samples": 200, 
    "dt": 40, 
    "v_fs_mean": 17.36, 
    "T_max": 4.1530133293025893, 
    "v_fs_sigma": 0.03
}