{
    "core_location": [
        6.1564810722541612, 
        -4.8150620667449955
    ], 
    "velocity_free_stream": 23.33, 
    "r_mesh_core": 14.555982213745628, 
    "z_location_mm": 965, 
    "v_nominal": 23.0, 
    "W_mean": 23.672087126463342, 
    "rel_humid": 59.44951029846069, 
    "wet_bulb": 290.9, 
    "dry_bulb": 296.15, 
    "v_fs_mean": 23.33, 
    "q": 327, 
    "pres_atm": 102018, 
    "dt": 40, 
    "test_date": "5-Jun", 
    "experiment_id": 55, 
    "n_samples": 200, 
    "temp_tunnel": 295.65, 
    "T_max": 5.5498085309973257, 
    "W_core": 18.66584117647059, 
    "v_fs_sigma": 0.03
}