{
    "core_location": [
        12.233926958406263, 
        -27.847182338201435
    ], 
    "velocity_free_stream": 23.33, 
    "r_mesh_core": 35.112650146311019, 
    "temp_tunnel": 295.65, 
    "z_location": 38.0, 
    "rel_humid": 59.44951029846069, 
    "wet_bulb": 290.9, 
    "dry_bulb": 296.15, 
    "test_date": "5-Jun", 
    "W_core": 21.48272857142857, 
    "q": 327, 
    "pres_atm": 102018, 
    "experiment_id": 55, 
    "v_nominal": 23.0, 
    "n_samples": 200, 
    "dt": 40, 
    "v_fs_mean": 23.33, 
    "T_max": 3.5713567388721192, 
    "v_fs_sigma": 0.03
}