{
    "core_location": [
        12.247148804353136, 
        -27.833456633520875
    ], 
    "velocity_free_stream": 19.08, 
    "r_mesh_core": 37.019551859225494, 
    "temp_tunnel": 295.15, 
    "z_location": 38.0, 
    "rel_humid": 59.44737012204471, 
    "wet_bulb": 290.9, 
    "dry_bulb": 296.15, 
    "test_date": "5-Jun", 
    "W_core": 17.715651666666666, 
    "q": 219, 
    "pres_atm": 102035, 
    "experiment_id": 53, 
    "v_nominal": 19.0, 
    "n_samples": 200, 
    "dt": 40, 
    "v_fs_mean": 19.08, 
    "T_max": 2.5685692279369596, 
    "v_fs_sigma": 0.03
}