{
    "core_location": [
        -7.5534982210014432, 
        -5.0512181196506871
    ], 
    "velocity_free_stream": 23.21, 
    "r_mesh_core": 17.511584364300855, 
    "z_location_mm": 546, 
    "v_nominal": 23, 
    "W_mean": 23.198627685224302, 
    "rel_humid": 63.29644930714244, 
    "wet_bulb": 293.65, 
    "dry_bulb": 298.65, 
    "v_fs_mean": 23.21, 
    "q": 321, 
    "pres_atm": 102097, 
    "dt": 35, 
    "test_date": "31-May", 
    "experiment_id": 5, 
    "n_samples": 200, 
    "eta_p": 0.324, 
    "temp_tunnel": 297.95, 
    "T_max": 4.2923945241155934, 
    "W_core": 18.323062499999999, 
    "v_fs_sigma": 0.04
}