{
    "core_location": [
        6.56190080859239, 
        -6.3263412247786031
    ], 
    "velocity_free_stream": 15.31, 
    "r_mesh_core": 16.518762564312624, 
    "z_location_mm": 965, 
    "experiment_id": 51, 
    "rel_humid": 61.20240407689063, 
    "wet_bulb": 291.15, 
    "dry_bulb": 296.15, 
    "v_fs_mean": 15.31, 
    "q": 140, 
    "pres_atm": 102039, 
    "dt": 40, 
    "test_date": "5-Jun", 
    "v_nominal": 15.0, 
    "n_samples": 200, 
    "temp_tunnel": 294.85, 
    "T_max": 3.7134792898668527, 
    "W_core": 12.292242857142858, 
    "v_fs_sigma": 0.02
}