{
    "core_location": [
        6.0863794611396376, 
        -3.3841602990211754
    ], 
    "velocity_free_stream": 27.05, 
    "r_mesh_core": 13.94799797879095, 
    "z_location_mm": 965, 
    "v_nominal": 27.0, 
    "W_mean": 27.638471760754342, 
    "rel_humid": 52.56474795166843, 
    "wet_bulb": 291.15, 
    "dry_bulb": 297.65, 
    "v_fs_mean": 27.05, 
    "q": 437, 
    "pres_atm": 102008, 
    "dt": 25, 
    "test_date": "5-Jun", 
    "experiment_id": 57, 
    "n_samples": 200, 
    "temp_tunnel": 297.85, 
    "T_max": 6.6905166660331146, 
    "W_core": 21.825700000000001, 
    "v_fs_sigma": 0.06
}