{
    "core_location": [
        6.2652467696859961, 
        -4.7362315122878762
    ], 
    "velocity_free_stream": 27.05, 
    "r_mesh_core": 14.699286401604319, 
    "z_location_mm": 1016, 
    "v_nominal": 27.0, 
    "W_mean": 27.536801946813277, 
    "rel_humid": 52.57500364490303, 
    "wet_bulb": 291.15, 
    "dry_bulb": 297.65, 
    "v_fs_mean": 27.05, 
    "q": 436, 
    "pres_atm": 101936, 
    "dt": 25, 
    "test_date": "5-Jun", 
    "experiment_id": 67, 
    "n_samples": 200, 
    "temp_tunnel": 297.25, 
    "T_max": 6.3697207398157518, 
    "W_core": 21.636594736842103, 
    "v_fs_sigma": 0.5
}