{
    "core_location": [
        9.2443838684941095, 
        -13.801347529807153
    ], 
    "velocity_free_stream": 15.31, 
    "r_mesh_core": 20.510254369664327, 
    "temp_tunnel": 296.15, 
    "z_location": 40.0, 
    "rel_humid": 52.03373522428302, 
    "wet_bulb": 290.65, 
    "dry_bulb": 297.15, 
    "test_date": "5-Jun", 
    "W_core": 12.438830434782608, 
    "q": 140, 
    "pres_atm": 101977, 
    "experiment_id": 61, 
    "v_nominal": 15.0, 
    "n_samples": 200, 
    "dt": 40, 
    "v_fs_mean": 15.31, 
    "T_max": 3.1277124775673837, 
    "v_fs_sigma": 0.03
}