{
    "core_location": [
        7.5764467074112876, 
        -4.7812012799874246
    ], 
    "velocity_free_stream": 16.98, 
    "r_mesh_core": 14.155599959070164, 
    "z_location_mm": 1016, 
    "experiment_id": 62, 
    "rel_humid": 52.03490879805256, 
    "wet_bulb": 290.65, 
    "dry_bulb": 297.15, 
    "v_fs_mean": 16.98, 
    "q": 171, 
    "pres_atm": 101969, 
    "dt": 40, 
    "test_date": "5-Jun", 
    "v_nominal": 17.0, 
    "n_samples": 200, 
    "temp_tunnel": 296.25, 
    "T_max": 3.9902876851087772, 
    "W_core": 13.836403846153846, 
    "v_fs_sigma": 0.04
}