{
    "core_location": [
        7.675581532587227, 
        -8.8353169295788891
    ], 
    "velocity_free_stream": 23.23, 
    "r_mesh_core": 14.47144428388464, 
    "z_location_mm": 1016, 
    "v_nominal": 23, 
    "W_mean": 23.589732145388371, 
    "rel_humid": 52.57258216177819, 
    "wet_bulb": 291.15, 
    "dry_bulb": 297.65, 
    "v_fs_mean": 23.23, 
    "q": 321, 
    "pres_atm": 101953, 
    "dt": 40, 
    "test_date": "5-Jun", 
    "experiment_id": 65, 
    "n_samples": 200, 
    "eta_p": 0.42200000000000004, 
    "temp_tunnel": 296.77, 
    "T_max": 5.4214562721200021, 
    "W_core": 18.780710526315787, 
    "v_fs_sigma": 0.05
}