{
    "core_location": [
        4.5482548943754937, 
        -13.934649068966316
    ], 
    "velocity_free_stream": 33.04, 
    "r_mesh_core": 20.619084064399242, 
    "temp_tunnel": 297.35, 
    "z_location": 38.0, 
    "rel_humid": 53.66576315487775, 
    "wet_bulb": 290.9, 
    "dry_bulb": 297.15, 
    "test_date": "5-Jun", 
    "W_core": 26.638028571428571, 
    "q": 653, 
    "pres_atm": 102009, 
    "experiment_id": 60, 
    "v_nominal": 33.0, 
    "n_samples": 200, 
    "dt": 25, 
    "v_fs_mean": 33.04, 
    "T_max": 6.4897078159955761, 
    "v_fs_sigma": 0.06
}