{
    "core_location": [
        6.4743238833942378, 
        -4.7414198043293787
    ], 
    "velocity_free_stream": 27.05, 
    "r_mesh_core": 14.370253355777988, 
    "temp_tunnel": 297.25, 
    "z_location": 40.0, 
    "rel_humid": 52.57500364490303, 
    "wet_bulb": 291.15, 
    "dry_bulb": 297.65, 
    "test_date": "5-Jun", 
    "W_core": 21.958895238095238, 
    "q": 436, 
    "pres_atm": 101936, 
    "experiment_id": 67, 
    "v_nominal": 27.0, 
    "n_samples": 200, 
    "dt": 25, 
    "v_fs_mean": 27.05, 
    "T_max": 6.3813089635717661, 
    "v_fs_sigma": 0.5
}