{
    "core_location": [
        -1.4887741345827448, 
        -27.665208790404492
    ], 
    "velocity_free_stream": 29.17, 
    "r_mesh_core": 37.083368198453542, 
    "temp_tunnel": 297.76, 
    "z_location": 40.0, 
    "rel_humid": 52.57614316637354, 
    "wet_bulb": 291.15, 
    "dry_bulb": 297.65, 
    "test_date": "5-Jun", 
    "W_core": 27.28827157894737, 
    "q": 505, 
    "pres_atm": 101928, 
    "experiment_id": 68, 
    "v_nominal": 29.0, 
    "n_samples": 200, 
    "dt": 25, 
    "v_fs_mean": 29.17, 
    "T_max": 4.0711505183941537, 
    "v_fs_sigma": 0.03
}