{
    "core_location": [
        -7.5892040881936254, 
        -4.9640832602541405
    ], 
    "velocity_free_stream": 24.86, 
    "r_mesh_core": 17.303078584388519, 
    "z_location_mm": 546, 
    "v_nominal": 25.0, 
    "W_mean": 25.180229982285947, 
    "rel_humid": 63.2968633552974, 
    "wet_bulb": 293.65, 
    "dry_bulb": 298.65, 
    "v_fs_mean": 24.86, 
    "q": 371, 
    "pres_atm": 102093, 
    "dt": 35, 
    "test_date": "31-May", 
    "experiment_id": 6, 
    "n_samples": 200, 
    "temp_tunnel": 298.15, 
    "T_max": 4.6835747798484784, 
    "W_core": 19.425654237288139, 
    "v_fs_sigma": 0.05
}