{
    "core_location": [
        6.3048320376457596, 
        -4.7713532121557485
    ], 
    "velocity_free_stream": 21.15, 
    "r_mesh_core": 15.070401744644091, 
    "z_location_mm": 1016, 
    "v_nominal": 21.0, 
    "W_mean": 21.556509020953435, 
    "rel_humid": 49.382880729527585, 
    "wet_bulb": 290.65, 
    "dry_bulb": 297.65, 
    "v_fs_mean": 21.15, 
    "q": 269, 
    "pres_atm": 101950, 
    "dt": 40, 
    "test_date": "5-Jun", 
    "experiment_id": 64, 
    "n_samples": 200, 
    "temp_tunnel": 296.45, 
    "T_max": 5.0004453296106579, 
    "W_core": 17.10200166666667, 
    "v_fs_sigma": 0.05
}