{
    "core_location": [
        6.2155684270804672, 
        -4.8534596506103549
    ], 
    "velocity_free_stream": 24.96, 
    "r_mesh_core": 14.446166236516882, 
    "z_location_mm": 1016, 
    "v_nominal": 25.0, 
    "W_mean": 25.387640212039791, 
    "rel_humid": 52.572867042145816, 
    "wet_bulb": 291.15, 
    "dry_bulb": 297.65, 
    "v_fs_mean": 24.96, 
    "q": 371, 
    "pres_atm": 101951, 
    "dt": 25, 
    "test_date": "5-Jun", 
    "experiment_id": 66, 
    "n_samples": 200, 
    "temp_tunnel": 297.07, 
    "T_max": 6.0528226273930885, 
    "W_core": 20.022650000000002, 
    "v_fs_sigma": 0.05
}