{
    "core_location": [
        7.695401576617507, 
        -13.825789353054976
    ], 
    "velocity_free_stream": 19.1, 
    "r_mesh_core": 18.354921397263901, 
    "temp_tunnel": 296.3, 
    "z_location": 40.0, 
    "rel_humid": 52.0360823718221, 
    "wet_bulb": 290.65, 
    "dry_bulb": 297.15, 
    "test_date": "5-Jun", 
    "W_core": 15.119460465116278, 
    "q": 218, 
    "pres_atm": 101961, 
    "experiment_id": 63, 
    "v_nominal": 19.0, 
    "n_samples": 200, 
    "dt": 40, 
    "v_fs_mean": 19.1, 
    "T_max": 4.0261656120379925, 
    "v_fs_sigma": 0.03
}