{
    "core_location": [
        6.1973122397107527, 
        -3.332696384245601
    ], 
    "velocity_free_stream": 29.17, 
    "r_mesh_core": 16.097634724404294, 
    "z_location_mm": 1016, 
    "v_nominal": 29.0, 
    "W_mean": 29.726589771993368, 
    "rel_humid": 52.57614316637354, 
    "wet_bulb": 291.15, 
    "dry_bulb": 297.65, 
    "v_fs_mean": 29.17, 
    "q": 505, 
    "pres_atm": 101928, 
    "dt": 25, 
    "test_date": "5-Jun", 
    "experiment_id": 68, 
    "n_samples": 200, 
    "temp_tunnel": 297.76, 
    "T_max": 6.6716452589372066, 
    "W_core": 23.379372727272724, 
    "v_fs_sigma": 0.03
}