{
    "core_location": [
        4.6208507269572348, 
        -3.3290704066574666
    ], 
    "velocity_free_stream": 33.04, 
    "r_mesh_core": 17.73643667398764, 
    "z_location_mm": 965, 
    "experiment_id": 60, 
    "rel_humid": 53.66576315487775, 
    "wet_bulb": 290.9, 
    "dry_bulb": 297.15, 
    "v_fs_mean": 33.04, 
    "q": 653, 
    "pres_atm": 102009, 
    "dt": 25, 
    "test_date": "5-Jun", 
    "v_nominal": 33.0, 
    "n_samples": 200, 
    "temp_tunnel": 297.35, 
    "T_max": 7.9268491598536022, 
    "W_core": 26.452965217391306, 
    "v_fs_sigma": 0.06
}