{
    "core_location": [
        -1.4866631249695077, 
        -27.629814199528191
    ], 
    "velocity_free_stream": 24.96, 
    "r_mesh_core": 41.352441936112257, 
    "temp_tunnel": 297.07, 
    "z_location": 40.0, 
    "rel_humid": 52.572867042145816, 
    "wet_bulb": 291.15, 
    "dry_bulb": 297.65, 
    "test_date": "5-Jun", 
    "W_core": 23.565680769230767, 
    "q": 371, 
    "pres_atm": 101951, 
    "experiment_id": 66, 
    "v_nominal": 25.0, 
    "n_samples": 200, 
    "dt": 25, 
    "v_fs_mean": 24.96, 
    "T_max": 3.7586229602228052, 
    "v_fs_sigma": 0.05
}