{
    "core_location": [
        7.6949353160785545, 
        -4.5919450879244819
    ], 
    "velocity_free_stream": 15.31, 
    "r_mesh_core": 16.109975042999203, 
    "z_location_mm": 1016, 
    "v_nominal": 15.0, 
    "W_mean": 15.529726823181443, 
    "rel_humid": 52.03373522428302, 
    "wet_bulb": 290.65, 
    "dry_bulb": 297.15, 
    "v_fs_mean": 15.31, 
    "q": 140, 
    "pres_atm": 101977, 
    "dt": 40, 
    "test_date": "5-Jun", 
    "experiment_id": 61, 
    "n_samples": 200, 
    "temp_tunnel": 296.15, 
    "T_max": 3.6930707597912837, 
    "W_core": 12.278454901960783, 
    "v_fs_sigma": 0.03
}