{
    "core_location": [
        9.2302048320872849, 
        -27.65329091560432
    ], 
    "velocity_free_stream": 27.05, 
    "r_mesh_core": 35.931436896174041, 
    "temp_tunnel": 297.25, 
    "z_location": 40.0, 
    "rel_humid": 52.57500364490303, 
    "wet_bulb": 291.15, 
    "dry_bulb": 297.65, 
    "test_date": "5-Jun", 
    "W_core": 25.575841428571433, 
    "q": 436, 
    "pres_atm": 101936, 
    "experiment_id": 67, 
    "v_nominal": 27.0, 
    "n_samples": 200, 
    "dt": 25, 
    "v_fs_mean": 27.05, 
    "T_max": 4.3788273662146295, 
    "v_fs_sigma": 0.5
}