{
    "core_location": [
        6.3368370148075606, 
        -6.0387060263214254
    ], 
    "velocity_free_stream": 19.1, 
    "r_mesh_core": 16.057828054144817, 
    "z_location_mm": 1016, 
    "v_nominal": 19.0, 
    "W_mean": 19.432994495982346, 
    "rel_humid": 52.0360823718221, 
    "wet_bulb": 290.65, 
    "dry_bulb": 297.15, 
    "v_fs_mean": 19.1, 
    "q": 218, 
    "pres_atm": 101961, 
    "dt": 40, 
    "test_date": "5-Jun", 
    "experiment_id": 63, 
    "n_samples": 200, 
    "temp_tunnel": 296.3, 
    "T_max": 4.4645227953439477, 
    "W_core": 15.119460465116278, 
    "v_fs_sigma": 0.03
}