{
    "core_location": [
        4.6439485871509714, 
        -27.670708412460641
    ], 
    "velocity_free_stream": 16.98, 
    "r_mesh_core": 34.768035245486381, 
    "temp_tunnel": 296.25, 
    "z_location": 40.0, 
    "rel_humid": 52.03490879805256, 
    "wet_bulb": 290.65, 
    "dry_bulb": 297.15, 
    "test_date": "5-Jun", 
    "W_core": 15.821892063492065, 
    "q": 171, 
    "pres_atm": 101969, 
    "experiment_id": 62, 
    "v_nominal": 17.0, 
    "n_samples": 200, 
    "dt": 40, 
    "v_fs_mean": 16.98, 
    "T_max": 2.6189127795531175, 
    "v_fs_sigma": 0.04
}