{
    "core_location": [
        9.2358384265516857, 
        -27.683384283667049
    ], 
    "velocity_free_stream": 21.15, 
    "r_mesh_core": 34.7071404762656, 
    "temp_tunnel": 296.45, 
    "z_location": 40.0, 
    "rel_humid": 49.382880729527585, 
    "wet_bulb": 290.65, 
    "dry_bulb": 297.65, 
    "test_date": "5-Jun", 
    "W_core": 19.524535294117648, 
    "q": 269, 
    "pres_atm": 101950, 
    "experiment_id": 64, 
    "v_nominal": 21.0, 
    "n_samples": 200, 
    "dt": 40, 
    "v_fs_mean": 21.15, 
    "T_max": 3.1321936411609812, 
    "v_fs_sigma": 0.05
}