{
    "core_location": [
        9.834814697428147, 
        15.772296493623175
    ], 
    "velocity_free_stream": 27.02, 
    "r_mesh_core": 45.810335178676475, 
    "temp_tunnel": 298.3, 
    "z_location": 21.5, 
    "rel_humid": 63.29696686733615, 
    "wet_bulb": 293.65, 
    "dry_bulb": 298.65, 
    "test_date": "31-May", 
    "W_core": 25.863877333333335, 
    "q": 434, 
    "pres_atm": 102092, 
    "experiment_id": 7, 
    "v_nominal": 27.0, 
    "n_samples": 200, 
    "dt": 35, 
    "v_fs_mean": 27.02, 
    "T_max": 2.856176428775405, 
    "v_fs_sigma": 0.03
}