{
    "core_location": [
        27.004659691301605, 
        39.844291547281614
    ], 
    "velocity_free_stream": 27.02, 
    "r_mesh_core": 47.357603948997841, 
    "temp_tunnel": 298.3, 
    "z_location": 21.5, 
    "rel_humid": 63.29696686733615, 
    "wet_bulb": 293.65, 
    "dry_bulb": 298.65, 
    "test_date": "31-May", 
    "W_core": 26.473772784810127, 
    "q": 434, 
    "pres_atm": 102092, 
    "experiment_id": 7, 
    "v_nominal": 27.0, 
    "n_samples": 200, 
    "dt": 35, 
    "v_fs_mean": 27.02, 
    "T_max": 0.42684209944625379, 
    "v_fs_sigma": 0.03
}