{
    "core_location": [
        4.773438014897776, 
        -4.5350295474292279
    ], 
    "velocity_free_stream": 33.01, 
    "r_mesh_core": 15.102349483851244, 
    "temp_tunnel": 298.3, 
    "z_location": 40.0, 
    "rel_humid": 52.57699780747642, 
    "wet_bulb": 291.15, 
    "dry_bulb": 297.65, 
    "test_date": "5-Jun", 
    "W_core": 26.645557500000002, 
    "q": 647, 
    "pres_atm": 101922, 
    "experiment_id": 70, 
    "v_nominal": 33.0, 
    "n_samples": 200, 
    "dt": 25, 
    "v_fs_mean": 33.01, 
    "T_max": 7.762467685590253, 
    "v_fs_sigma": 0.05
}