{
    "core_location": [
        9.2481544321386799, 
        -27.683507211078126
    ], 
    "velocity_free_stream": 33.01, 
    "r_mesh_core": 38.773300473055201, 
    "temp_tunnel": 298.3, 
    "z_location": 40.0, 
    "rel_humid": 52.57699780747642, 
    "wet_bulb": 291.15, 
    "dry_bulb": 297.65, 
    "test_date": "5-Jun", 
    "W_core": 31.220655303030306, 
    "q": 647, 
    "pres_atm": 101922, 
    "experiment_id": 70, 
    "v_nominal": 33.0, 
    "n_samples": 200, 
    "dt": 25, 
    "v_fs_mean": 33.01, 
    "T_max": 4.6257770399353255, 
    "v_fs_sigma": 0.05
}