{
    "core_location": [
        4.773438014897776, 
        -4.5350295474292279
    ], 
    "velocity_free_stream": 33.01, 
    "r_mesh_core": 15.049222068778619, 
    "z_location_mm": 1016, 
    "v_nominal": 33, 
    "W_mean": 33.643042158378265, 
    "rel_humid": 52.57699780747642, 
    "wet_bulb": 291.15, 
    "dry_bulb": 297.65, 
    "v_fs_mean": 33.01, 
    "q": 647, 
    "pres_atm": 101922, 
    "dt": 25, 
    "test_date": "5-Jun", 
    "experiment_id": 70, 
    "n_samples": 200, 
    "eta_p": 0.42200000000000004, 
    "temp_tunnel": 298.3, 
    "T_max": 7.7333522491441817, 
    "W_core": 26.645557500000002, 
    "v_fs_sigma": 0.05
}