{
    "core_location": [
        -7.5579392706349013, 
        -4.9454157788510127
    ], 
    "velocity_free_stream": 27.02, 
    "r_mesh_core": 18.487266104886508, 
    "temp_tunnel": 298.3, 
    "z_location": 21.5, 
    "rel_humid": 63.29696686733615, 
    "wet_bulb": 293.65, 
    "dry_bulb": 298.65, 
    "test_date": "31-May", 
    "W_core": 21.483424561403513, 
    "q": 434, 
    "pres_atm": 102092, 
    "experiment_id": 7, 
    "v_nominal": 27.0, 
    "n_samples": 200, 
    "dt": 35, 
    "v_fs_mean": 27.02, 
    "T_max": 5.0506618630857947, 
    "v_fs_sigma": 0.03
}