{
    "core_location": [
        -6.0163488433081067, 
        -0.066554669890607446
    ], 
    "velocity_free_stream": 29.12, 
    "r_mesh_core": 19.728292108572106, 
    "temp_tunnel": 298.35, 
    "z_location": 21.5, 
    "rel_humid": 63.29820901180103, 
    "wet_bulb": 293.65, 
    "dry_bulb": 298.65, 
    "test_date": "31-May", 
    "W_core": 23.565317105263158, 
    "q": 505, 
    "pres_atm": 102080, 
    "experiment_id": 8, 
    "v_nominal": 29.0, 
    "n_samples": 200, 
    "dt": 25, 
    "v_fs_mean": 29.12, 
    "T_max": 5.0367780797144466, 
    "v_fs_sigma": 0.04
}