{
    "core_location": [
        -9.1212221642372757, 
        -3.3318540113764077
    ], 
    "velocity_free_stream": 29.12, 
    "r_mesh_core": 18.428537413096155, 
    "z_location_mm": 546, 
    "v_nominal": 29.0, 
    "W_mean": 29.299007479821373, 
    "rel_humid": 63.29820901180103, 
    "wet_bulb": 293.65, 
    "dry_bulb": 298.65, 
    "v_fs_mean": 29.12, 
    "q": 505, 
    "pres_atm": 102080, 
    "dt": 25, 
    "test_date": "31-May", 
    "experiment_id": 8, 
    "n_samples": 200, 
    "temp_tunnel": 298.35, 
    "T_max": 5.4661713915472996, 
    "W_core": 22.928770833333335, 
    "v_fs_sigma": 0.04
}