{
    "core_location": [
        -9.1644686466944272, 
        -3.3395415098737402
    ], 
    "velocity_free_stream": 30.86, 
    "r_mesh_core": 18.137670068887878, 
    "z_location_mm": 546, 
    "v_nominal": 31.0, 
    "W_mean": 31.162499879953216, 
    "rel_humid": 63.30131437296324, 
    "wet_bulb": 293.65, 
    "dry_bulb": 298.65, 
    "v_fs_mean": 30.86, 
    "q": 564, 
    "pres_atm": 102050, 
    "dt": 25, 
    "test_date": "31-May", 
    "experiment_id": 9, 
    "n_samples": 200, 
    "temp_tunnel": 299.15, 
    "T_max": 5.7748203642505906, 
    "W_core": 24.676958974358975, 
    "v_fs_sigma": 0.06
}